{"cells":[{"cell_type":"markdown","metadata":{"id":"ANNpA-z_w1Ax"},"source":["# <font color='red'> 실습 </font> \n"]},{"cell_type":"markdown","metadata":{"id":"B9HMc9MUw1A1"},"source":["#  <font color='blue'>1. 넓이와 둘레길이를 구하는 코드를 만드세요. a는 11, b는 7일때의 넓이와 둘레의 길이를 구하세요. </font> \n","![image.png](attachment:image.png)"]},{"cell_type":"code","execution_count":null,"metadata":{"id":"hpB_qPFKw1A2"},"outputs":[],"source":["a=11 \n","b=7\n","Area=a*b\n","Perimeter=2*(a+b)"]},{"cell_type":"code","execution_count":null,"metadata":{"id":"r9KoqZ6tw1A5","outputId":"68ede76c-c661-4bb9-feaf-19cc54ce8547"},"outputs":[{"data":{"text/plain":["36"]},"execution_count":20,"metadata":{},"output_type":"execute_result"}],"source":["Perimeter"]},{"cell_type":"code","execution_count":null,"metadata":{"id":"ko5RAUd7w1Be","outputId":"bb37c92b-e7de-4783-a7a2-b579bd7da394"},"outputs":[{"data":{"text/plain":["77"]},"execution_count":19,"metadata":{},"output_type":"execute_result"}],"source":["Area"]},{"cell_type":"markdown","metadata":{"id":"akNdlIzEw1Bf"},"source":["# <font color='blue'> 2. 어떤 숫자 x가 주어졌을때, 그 숫자가 짝수인지 홀수인지 계산하는 코드를 작성하세요.  </font> "]},{"cell_type":"code","execution_count":null,"metadata":{"id":"Yt7b_IICw1Bf","outputId":"da680b7f-03d2-4410-cf80-4d9510649454"},"outputs":[{"data":{"text/plain":["1"]},"execution_count":59,"metadata":{},"output_type":"execute_result"}],"source":["x=7\n","x%2"]},{"cell_type":"code","execution_count":null,"metadata":{"id":"uuFqv9l7w1Bg"},"outputs":[],"source":[""]},{"cell_type":"code","execution_count":null,"metadata":{"id":"G77dld73w1Bh"},"outputs":[],"source":[""]},{"cell_type":"markdown","metadata":{"id":"DQp5gHZjw1Bh"},"source":["# <font color='blue'> 3. a의 길이가 20으로 주어졌을때, 표면적(area)와 부피(volume)을 구하세요. </font> \n","![image.png](attachment:image.png)"]},{"cell_type":"code","execution_count":null,"metadata":{"id":"iOSaNWpCw1Bi"},"outputs":[],"source":["a=20\n","area=6*a**2\n","volume=a**3\n"]},{"cell_type":"code","execution_count":null,"metadata":{"id":"Aq7ttd0xw1Bi","outputId":"a06de700-ec14-4eec-fe89-493641418d35"},"outputs":[{"data":{"text/plain":["8000"]},"execution_count":31,"metadata":{},"output_type":"execute_result"}],"source":["volume"]},{"cell_type":"raw","metadata":{"id":"nkgAZmCmw1Bk"},"source":[""]},{"cell_type":"code","execution_count":null,"metadata":{"id":"uG2MBnEJw1Bk","outputId":"f8a3a4e2-9750-4ac9-e1be-4de80abc9f69"},"outputs":[{"data":{"text/plain":["2400"]},"execution_count":32,"metadata":{},"output_type":"execute_result"}],"source":["area"]},{"cell_type":"code","execution_count":null,"metadata":{"id":"6qTFM6l3w1Bl"},"outputs":[],"source":[""]},{"cell_type":"code","execution_count":null,"metadata":{"id":"Gqou2ieyw1Bm"},"outputs":[],"source":[""]},{"cell_type":"markdown","metadata":{"id":"hRVC73Brw1Bn"},"source":["# <font color='blue'> 4. 현재 속도가 90 KM/H 다. 이를 MP/H(Miles per hour) 로 계산하는 코드를 작성하세요.  </font> \n","![image.png](attachment:image.png)\n","MPH = 0.6214 * KMH"]},{"cell_type":"code","execution_count":null,"metadata":{"id":"zHBj59aVw1Bp"},"outputs":[],"source":["KMH=10\n","MPH=KMH*0.6214\n"]},{"cell_type":"code","execution_count":null,"metadata":{"id":"GCdw0Coqw1Bq","outputId":"16174c61-4ca3-4f5a-e09a-ef007d5b8f3d"},"outputs":[{"data":{"text/plain":["10"]},"execution_count":69,"metadata":{},"output_type":"execute_result"}],"source":["KMH"]},{"cell_type":"code","execution_count":null,"metadata":{"id":"sZngFN2Pw1Bq","outputId":"f8ea7d28-fdde-41f7-e2d9-6abdb511dfd9"},"outputs":[{"data":{"text/plain":["6.2139999999999995"]},"execution_count":70,"metadata":{},"output_type":"execute_result"}],"source":["MPH"]},{"cell_type":"code","execution_count":null,"metadata":{"id":"Y99kMMvIw1Br"},"outputs":[],"source":[""]},{"cell_type":"code","execution_count":null,"metadata":{"id":"XnDmnHnTw1Br"},"outputs":[],"source":[""]}],"metadata":{"kernelspec":{"display_name":"Python 3","language":"python","name":"python3"},"language_info":{"codemirror_mode":{"name":"ipython","version":3},"file_extension":".py","mimetype":"text/x-python","name":"python","nbconvert_exporter":"python","pygments_lexer":"ipython3","version":"3.8.8"},"colab":{"name":"1.b 실습 - 변수, 숫자, 연산.ipynb","provenance":[]}},"nbformat":4,"nbformat_minor":0}